FirstName,LastName,Gender,Email,PhoneNumber,DateOfBirth,Address,Salary,HospitalName,PostalCode,Shift
Wilma,MacAlinden,2,wmacalinden0@noaa.gov,(312) 3959629,30/04/1982,6 Division Pass,6820771,Rhynoodle,861-1686,2
Hildagard,Whelan,2,hwhelan1@biblegateway.com,(898) 2367547,15/10/1984,35 Oriole Lane,8773387,Realbridge,,2
Anselm,Liccardo,1,aliccardo2@sun.com,(968) 4249916,01/02/1982,62727 Anniversary Point,4558548,Flashspan,7015,2
Kristofer,Symson,1,ksymson3@blogs.com,(235) 8084927,29/08/1985,5346 Mayer Avenue,8198746,Yoveo,057847,1
Christopher,Giannassi,1,cgiannassi4@nytimes.com,(131) 7713692,01/10/1980,56945 Dorton Terrace,1991177,Skimia,,1
Iormina,Ronaghan,1,ironaghan5@sphinn.com,(270) 7605834,31/10/1978,85089 Saint Paul Pass,2908611,Zoombox,64500-000,2
Fletch,Peres,1,fperes6@wordpress.com,(325) 6518932,05/02/1974,0272 Saint Paul Junction,1908209,Lazzy,25740,1
Mariam,Vedyasov,2,mvedyasov7@scribd.com,(162) 8401887,21/05/1983,459 Texas Pass,5555502,Abatz,,1
Cece,Haines,1,chaines8@wikispaces.com,(697) 4862460,29/02/2000,84 Talmadge Place,7944485,Realbridge,,2
Ragnar,Gow,2,rgow9@joomla.org,(347) 1735380,31/12/1994,515 Donald Place,3955701,Dynava,,1
Ashlen,Louder,1,aloudera@vimeo.com,(890) 2725861,03/07/1982,364 Jenifer Parkway,6045864,Oyonder,,2
Thedrick,Cucinotta,1,tcucinottab@google.com.hk,(673) 2339235,07/08/1985,1 Hooker Parkway,1531582,Viva,6090-425,1
Curran,Vergo,2,cvergoc@example.com,(711) 3566520,18/11/1985,6238 Merry Center,3526614,Quamba,,2
Spense,Smithers,2,ssmithersd@exblog.jp,(179) 3935849,05/07/1997,930 Macpherson Junction,5978932,Viva,164896,2
Carola,Draysay,2,cdraysaye@altervista.org,(627) 5150423,17/11/2000,93809 Pleasure Terrace,4277171,Viva,J1T,2
Chadwick,Macura,1,cmacuraf@pcworld.com,(247) 2771789,09/04/1985,0279 Anderson Road,8205042,Ailane,,1
Lida,Smallcombe,2,lsmallcombeg@accuweather.com,(600) 9159257,28/05/1978,79 Johnson Road,8576854,Leexo,,2
Toddy,Milleton,1,tmilletonh@gnu.org,(241) 2675073,29/10/1994,1314 Sunbrook Street,2286245,Livepath,,2
Kasper,Barrass,2,kbarrassi@cbc.ca,(155) 1095438,28/01/1978,8330 Morrow Center,9485139,Wordtune,,2
Felicity,Dockray,2,fdockrayj@sina.com.cn,(469) 1928009,26/12/1982,8952 Packers Lane,5965545,Vidoo,5881,1
Simona,Mockler,1,smocklerk@mashable.com,(421) 5859873,14/08/1973,33 Ramsey Avenue,7740193,Jabbersphere,,2
Prue,Zaniolo,2,pzaniolol@webeden.co.uk,(472) 7847507,01/11/1993,67674 Reinke Junction,7297511,Viva,62247 CEDEX,1
Tandy,Freschini,1,tfreschinim@mail.ru,(311) 5066334,02/06/1975,20522 Del Mar Hill,6786990,Kazio,4419,1
Alex,Elsmore,1,aelsmoren@sourceforge.net,(762) 4375135,12/10/1979,0156 Ohio Place,1880346,Skyble,,2
Barbabra,Philliskirk,1,bphilliskirko@umn.edu,(845) 5803285,18/05/1983,2 Schmedeman Hill,2158459,Bluezoom,,1
Cilka,Fenimore,2,cfenimorep@free.fr,(763) 9573056,20/06/1976,02442 Cambridge Terrace,4024536,Skalith,,2
Lyndsie,Abbatini,2,labbatiniq@delicious.com,(300) 9726296,25/07/1989,09702 Union Point,2068888,Devshare,,2
Lark,Trude,1,ltruder@microsoft.com,(638) 6892032,06/12/1993,956 Waywood Avenue,7967901,Eire,,2
Gael,Swanger,1,gswangers@foxnews.com,(150) 7086354,01/09/1984,840 Brentwood Crossing,8465077,Voonte,93180-000,2
Cris,Calderon,2,ccalderont@vkontakte.ru,(703) 7815549,24/12/1987,96 Bashford Circle,8612400,Skyvu,,2
