FirstName,LastName,Gender,Email,PhoneNumber,DateOfBirth,Address,Salary,HospitalName,PostalCode,Shift
Griffin,Donwell,2,gdonwell0@livejournal.com,(905) 9618342,07/11/2021,161 Melvin Parkway,9048870.0,"Oberbrunner, Bradtke an",,2
Johnnie,Aizik,2,jaizik1@photobucket.com,(731) 4824492,25/06/2022,3 Chive Road,7160857.11,Cremin-Walter,,1
Elroy,Billham,2,ebillham2@fema.gov,(548) 8267303,12/02/2022,8836 Texas Crossing,9944463.0,"Hahn, Ratke and Crooks",,1
Rob,Gorrissen,1,rgorrissen3@howstuffworks.com,(363) 1941471,07/06/2022,07 Sloan Parkway,6444672.0,Flatley LLC,,1
Ailey,Rack,1,arack4@people.com.cn,(497) 6207568,04/05/2022,4786 Boyd Hill,353631.08,Herzog-Rolfson,7646,2
Umberto,Malia,2,umalia5@statcounter.com,(409) 9290246,07/05/2022,82 Arrowood Hill,3764214.4,Lesch-Rippin,,2
Giustino,Padell,1,gpadell6@geocities.com,(969) 5281303,24/11/2021,6 Center Crossing,2670278.77,"MacGyver, Dach and Lind",60433,2
Bryana,Morison,1,bmorison7@istockphoto.com,(534) 6229018,25/02/2022,513 Dennis Avenue,1802830.37,Considine-Raynor,,1
Eugene,Winston,2,ewinston8@utexas.edu,(116) 5294670,23/04/2022,2739 Forster Court,8672032.0,"Haley, Kessler and Kono",,1
Rey,Kingscott,2,rkingscott9@domainmarket.com,(656) 4768833,07/11/2021,9559 Hansons Road,4464822.87,"Buckridge, Conroy and H",,1
Bord,Moland,1,bmolanda@apple.com,(423) 3235738,13/09/2022,7663 Jay Avenue,6292902.0,"Wolff, Kiehn and Langwo",,2
Henrieta,Swinden,2,hswindenb@bbb.org,(485) 9679804,30/05/2022,27036 Milwaukee Center,7025966.0,Keebler-Tillman,606900,1
Anabelle,Rabbitt,1,arabbittc@home.pl,(420) 4357657,05/02/2022,007 Kropf Junction,5288241.0,"Macejkovic, Shanahan an",,2
Andre,Oldred,1,aoldredd@yolasite.com,(897) 6810813,16/11/2021,09 Havey Trail,1565034.88,Huel-Yost,59-818,1
Marj,Lasselle,1,mlassellee@wisc.edu,(989) 4593664,18/12/2021,53 Sunfield Point,28008.29,O'Keefe and Sons,,1
Nanci,Black,1,nblackf@elpais.com,(205) 1166357,16/11/2021,23845 Anzinger Center,5236261.0,Legros-Ratke,,1
Griswold,Begbie,1,gbegbieg@epa.gov,(238) 6465848,17/02/2022,3711 Memorial Circle,8007064.0,"Spencer, Stanton and Go",91124 CEDEX,1
Jade,Pallesen,2,jpallesenh@umn.edu,(995) 4325173,16/07/2022,32180 Melody Way,2664706.43,Hills Inc,,2
Damien,Corselles,1,dcorsellesi@chicagotribune.com,(217) 3734165,09/01/2022,8309 Main Alley,1868574.54,"Kuphal, Jacobson and Mo",,1
Trumann,Hubbart,1,thubbartj@liveinternet.ru,(696) 7718663,22/03/2022,00 Waxwing Avenue,2120387.19,Morar and Sons,,2
Alford,Skipperbottom,1,askipperbottomk@ebay.com,(671) 3297206,03/12/2021,175 Arkansas Center,2342736.0,Reinger-Stracke,,2
Donaugh,Sperski,1,dsperskil@fema.gov,(458) 9470866,06/04/2022,58980 Forest Dale Alley,927183.83,Nienow and Sons,25304 CEDEX,2
Virge,Jacson,2,vjacsonm@thetimes.co.uk,(278) 1218705,01/09/2022,3740 Old Gate Point,2529507.63,"Torp, Dare and Kuhic",,2
Darcy,Schuricke,1,dschuricken@accuweather.com,(133) 2303948,01/08/2022,277 Kenwood Plaza,6786523.57,Towne Inc,,2
Maurise,Stennett,2,mstennetto@devhub.com,(972) 8561467,12/03/2022,6 Moulton Point,449373.11,"Hamill, Hintz and Jerde",,2
Sharona,Winder,2,swinderp@slideshare.net,(957) 7489302,17/02/2022,9305 Petterle Way,6603304.0,"Bednar, Dibbert and Wae",,1
Cy,Chapellow,1,cchapellowq@ftc.gov,(477) 4033954,06/08/2022,7 Golf Course Trail,9699808.0,Powlowski and Sons,4325,2
Daphna,Folomkin,2,dfolomkinr@narod.ru,(937) 2054841,02/11/2021,99 Northridge Plaza,9145024.0,Stokes-Abernathy,,1
Burch,Pasby,2,bpasbys@msn.com,(856) 6342661,30/04/2022,13962 Towne Avenue,7543458.0,"Shields, Satterfield an",,1
Dirk,Padginton,2,dpadgintont@harvard.edu,(521) 8584458,30/06/2022,76 Green Terrace,1314253.08,"Herman, Willms and Hell",,2
Layla,Prawle,2,lprawleu@mlb.com,(316) 5860578,01/04/2022,481 Debra Trail,7786712.84,Rowe and Sons,,1
Jarrett,De Vaan,1,jdevaanv@statcounter.com,(418) 9376908,04/05/2022,8 Ohio Parkway,128011.1,Ratke-Will,,2
Wilden,Geall,1,wgeallw@chicagotribune.com,(334) 3101886,15/11/2021,80676 Nova Way,8652948.0,"Bashirian, Murazik and ",36177,2
Orren,Spinozzi,2,ospinozzix@youtube.com,(109) 6905523,01/01/2022,0428 Walton Alley,148784.52,Jacobi LLC,4760-018,1
Jaime,Raise,2,jraisey@paginegialle.it,(318) 5265947,03/04/2022,75799 Dawn Plaza,5661467.78,"Wuckert, Miller and Roo",77580,1
Hillary,Cadle,1,hcadlez@tumblr.com,(707) 6523528,07/03/2022,0 Granby Court,9870529.0,Kozey-Jacobi,56902 CEDEX 9,1
Doralia,Chadbourne,2,dchadbourne10@lulu.com,(615) 8668001,07/12/2021,8 Waywood Drive,1271924.07,Stoltenberg-Ruecker,,1
Ebenezer,Toombes,2,etoombes11@gizmodo.com,(917) 2501616,24/08/2022,3 East Circle,9626349.0,"Raynor, Cruickshank and",2565-282,1
Xavier,Jedrzejkiewicz,2,xjedrzejkiewicz12@typepad.com,(764) 3236248,20/04/2022,95 Mayer Plaza,3983031.83,Wintheiser and Sons,,1
Andeee,Mounfield,1,amounfield13@free.fr,(483) 7890072,23/01/2022,73104 Melvin Avenue,1963300.03,Ernser-MacGyver,45016 CEDEX 1,1
Moll,Hopkins,1,mhopkins14@time.com,(144) 8155215,22/07/2022,78 Sunfield Trail,4316383.0,Trantow-Lynch,,2
Thorvald,Deighan,1,tdeighan15@gov.uk,(701) 4531629,26/05/2022,5898 Vera Hill,7150118.87,Ratke and Sons,58122,2
Betti,Gaunter,1,bgaunter16@house.gov,(825) 1786555,14/07/2022,65281 Erie Road,617613.19,Hettinger Inc,,1
Melony,Lindermann,2,mlindermann17@sbwire.com,(106) 2101684,01/05/2022,11 Bonner Place,2235820.06,Anderson-Keeling,07-110,1
Halimeda,Gallemore,1,hgallemore18@usgs.gov,(901) 1860505,22/06/2022,59 Clyde Gallagher Poin,5921355.0,Marvin-Kessler,694222,1
Rafi,Tommasuzzi,1,rtommasuzzi19@nymag.com,(348) 2689155,06/12/2021,1041 Green Terrace,1267419.9,"Beier, Okuneva and O'Re",,2
Andrus,Groves,1,agroves1a@bandcamp.com,(715) 9083437,08/11/2021,918 Melody Trail,1168730.32,Predovic-Mayert,,1
Gilda,Lammiman,2,glammiman1b@jigsy.com,(129) 6611970,05/01/2022,05 International Park,2379184.0,Altenwerth Inc,H71,2
Berri,Morsey,1,bmorsey1c@webeden.co.uk,(595) 2195866,17/03/2022,75 Monterey Place,186804.26,Schumm Group,,2
Natty,Asling,2,nasling1d@123-reg.co.uk,(664) 1076543,27/09/2022,32916 Atwood Crossing,6952964.0,Crist and Sons,5249,2
Sandy,Jaskiewicz,2,sjaskiewicz1e@cnn.com,(404) 4749011,31/05/2022,79055 Golden Leaf Avenu,5944397.26,"Braun, Gislason and Oku",30130,1
Christina,Vasilchikov,2,cvasilchikov1f@state.gov,(458) 7376819,07/09/2022,1419 John Wall Trail,9991884.0,Walker Group,,2
Darill,Winmill,2,dwinmill1g@typepad.com,(317) 1528740,02/05/2022,98675 Declaration Court,3965736.03,Grant Group,960-0808,1
Berky,Vanichev,2,bvanichev1h@mail.ru,(656) 1782943,25/10/2022,81 Randy Drive,5037643.0,"DuBuque, Heller and Bar",5130-225,2
Roxanna,Bellew,1,rbellew1i@linkedin.com,(143) 3225122,22/02/2022,28795 Scoville Park,1582746.34,"Klocko, Mills and Osins",,2
Yvette,Sibborn,2,ysibborn1j@slideshare.net,(782) 2300391,12/04/2022,79 Pennsylvania Avenue,1657138.0,Conn-Murphy,4234,2
Merle,Dalziell,2,mdalziell1k@bing.com,(680) 1961747,18/05/2022,7613 Ludington Center,7122111.93,Ullrich-Stamm,,1
Oren,Reubel,2,oreubel1l@cbslocal.com,(150) 8478917,22/07/2022,0 Prentice Parkway,6537910.93,Mueller Inc,6012,1
Engelbert,Rooms,2,erooms1m@constantcontact.com,(620) 6696196,01/09/2022,5953 Hoepker Trail,2347141.1,Denesik-Hegmann,8507,1
Austine,Valsler,2,avalsler1n@scribd.com,(170) 8471759,27/07/2022,38 Jackson Crossing,7869137.57,"Huel, Torp and Wintheis",,1
Thibaud,Gatley,1,tgatley1o@creativecommons.org,(161) 4018551,09/07/2022,19489 Cottonwood Hill,3321969.04,Mann-Nolan,,1
Mathew,Lopes,2,mlopes1p@google.cn,(601) 3925698,03/04/2022,44106 Towne Plaza,9626060.0,Sporer-Wilkinson,,1
Minny,Pocknell,2,mpocknell1q@deviantart.com,(554) 3623476,17/03/2022,74 Dawn Way,3746820.0,"Cremin, Ondricka and Ro",,1
Lari,Carr,1,lcarr1r@squarespace.com,(138) 1399720,19/01/2022,4818 Pankratz Hill,2464711.72,Yundt Group,58750-000,2
Sonja,Barles,2,sbarles1s@amazon.co.uk,(131) 6608069,31/05/2022,3321 Mayfield Hill,7861558.0,Tillman LLC,,1
Pavia,Coad,2,pcoad1t@marketwatch.com,(394) 5739737,09/06/2022,02594 Heath Terrace,4752268.19,Ernser-Kris,,1
Abbott,Bodicam,1,abodicam1u@utexas.edu,(699) 5870382,08/07/2022,528 Bonner Hill,7099679.59,Metz Inc,24-160,1
Kass,Heape,1,kheape1v@yahoo.com,(741) 1081099,03/10/2022,950 Judy Road,9808672.0,Gottlieb and Sons,,2
Luciana,Nilles,2,lnilles1w@wsj.com,(959) 6759340,14/05/2022,4588 Stuart Way,3956462.15,Pagac-Fadel,2645,2
Terry,Boyford,2,tboyford1x@cmu.edu,(194) 8709113,07/04/2022,48262 Coolidge Circle,1616246.0,Harvey Group,,1
Donelle,Peplay,1,dpeplay1y@networksolutions.com,(970) 2343604,16/10/2022,472 Brickson Park Alley,305515.42,"Medhurst, Hegmann and L",93350,1
Dyan,Rossey,2,drossey1z@earthlink.net,(400) 7785605,10/01/2022,074 Stuart Alley,374614.5,Gulgowski LLC,30201,2
Horatius,Hickford,2,hhickford20@bloglovin.com,(114) 4434176,30/07/2022,178 Veith Circle,460562.16,"Roob, Abbott and Wilkin",,1
Karla,Decent,2,kdecent21@patch.com,(966) 1548847,24/10/2022,58 Tennyson Lane,164827.36,"Wilderman, Monahan and ",,2
Zebedee,Scorthorne,2,zscorthorne22@thetimes.co.uk,(878) 6959692,14/05/2022,641 Linden Drive,7120153.25,Streich-Moen,89560-000,2
Johny,Greenhalf,2,jgreenhalf23@friendfeed.com,(611) 9559907,07/08/2022,30064 Longview Terrace,8519603.0,Nolan LLC,,2
Heinrick,Corck,1,hcorck24@adobe.com,(308) 2885653,10/08/2022,36 Melrose Lane,5389251.38,Towne LLC,,1
Daron,Tiffney,2,dtiffney25@boston.com,(803) 5556310,17/08/2022,9 Hoepker Alley,9462155.0,Bailey Group,347850,2
Cele,Hobden,2,chobden26@redcross.org,(145) 9292453,14/02/2022,5 Vermont Court,1236369.95,O'Connell LLC,,2
Roth,MacMarcuis,2,rmacmarcuis27@businessinsider.co,(624) 3301131,20/03/2022,7 Barby Plaza,3006350.49,"Johnson, Spinka and Lea",93722,2
Ardene,Tegler,2,ategler28@alexa.com,(408) 5298583,09/09/2022,49790 Pine View Terrace,3855615.29,"Lubowitz, Reichert and ",95138,1
Raynard,Hatherell,1,rhatherell29@plala.or.jp,(111) 4425192,29/12/2021,88090 Westridge Alley,3197952.8,"Kuhic, Ledner and Hintz",,2
Cassandry,Jeratt,2,cjeratt2a@instagram.com,(891) 3219923,20/11/2021,4048 Lighthouse Bay Dri,2903397.51,Torp and Sons,,2
Cletis,Ferrarotti,2,cferrarotti2b@goodreads.com,(654) 8154673,07/05/2022,2 Main Drive,51669.81,Jaskolski-Hoeger,62-720,1
Milty,Ramelot,1,mramelot2c@sfgate.com,(815) 2154311,08/04/2022,80 Pierstorff Road,2693563.0,Waelchi Group,1802,2
Hilario,Vardey,1,hvardey2d@ifeng.com,(525) 8183831,11/07/2022,898 Killdeer Street,6994530.0,Ortiz-Kautzer,47650-000,1
Gertruda,Curnokk,1,gcurnokk2e@epa.gov,(466) 1917413,20/09/2022,8820 Gale Point,7748450.55,Hirthe-Grant,461360,2
Jeri,Dulany,1,jdulany2f@purevolume.com,(622) 6370833,11/09/2022,38818 Commercial Hill,55538.63,Lockman LLC,,2
Vito,Stennings,1,vstennings2g@issuu.com,(734) 1865834,15/01/2022,22901 Hintze Way,7196925.56,"Quigley, Mayer and Zeml",,1
Lucian,Seldner,1,lseldner2h@facebook.com,(919) 4802475,11/11/2021,397 Rigney Terrace,4670188.0,Pfannerstill-Morissette,,2
Lorianna,Danniel,2,ldanniel2i@paginegialle.it,(802) 5836694,02/03/2022,4833 Ridgeview Plaza,595793.35,Luettgen-Miller,61570,2
Fawne,Roxburch,2,froxburch2j@ask.com,(718) 3585370,01/03/2022,0 Forest Dale Hill,7890240.0,"Mills, Barton and Abern",62514,2
Shari,Caller,2,scaller2k@buzzfeed.com,(152) 6882439,09/11/2021,9998 Evergreen Lane,5662619.93,"Marquardt, Medhurst and",,2
Anna-diane,Cawood,1,acawood2l@ftc.gov,(262) 5095675,15/07/2022,44506 Glacier Hill Aven,3614454.83,"Miller, Hauck and Borer",3192,1
Cairistiona,Harsent,2,charsent2m@sakura.ne.jp,(804) 4304836,20/02/2022,14 Holy Cross Circle,1657345.78,Murray-Mraz,,2
Chelsae,Gotmann,2,cgotmann2n@dell.com,(198) 8580093,07/02/2022,1 Green Road,9181157.0,Nienow-Bechtelar,80130,2
Kacey,Ghion,2,kghion2o@archive.org,(846) 3585768,08/01/2022,88 Emmet Alley,4189114.07,Mitchell LLC,509 01,1
Mala,Mattke,1,mmattke2p@ucoz.com,(927) 4221532,24/06/2022,2509 Huxley Circle,4564221.0,"Runolfsdottir, Boyer an",,1
Bethina,Egdell,1,begdell2q@privacy.gov.au,(338) 2950568,03/06/2022,45060 Lakewood Gardens ,3371450.58,Barton-Runolfsdottir,,2
Ronald,Vedenyakin,1,rvedenyakin2r@wix.com,(612) 2636264,03/03/2022,2 Montana Junction,5218566.0,Gorczany Group,K1B,1
Callean,De Gregoli,1,cdegregoli2s@paginegialle.it,(901) 7684146,28/02/2022,8706 International Cros,4311149.07,Howe and Sons,6215-205,1
Garrard,Timeby,1,gtimeby2t@foxnews.com,(882) 8621248,06/09/2022,65117 Burning Wood Cros,8839471.0,Kozey Group,851 88,2
Zandra,Liddyard,1,zliddyard2u@smugmug.com,(121) 2707255,05/07/2022,621 Mitchell Drive,345111.29,Ziemann-Goodwin,,1
Porty,Braim,1,pbraim2v@arstechnica.com,(403) 2456904,22/12/2021,4 Brentwood Terrace,4177273.99,Mayert Inc,,2
Dinnie,Blatchford,2,dblatchford2w@tiny.cc,(135) 7964213,14/06/2022,36555 Utah Plaza,363561.01,Pacocha Inc,,1
Cassey,Windebank,1,cwindebank2x@sakura.ne.jp,(449) 8768208,28/12/2021,22206 Myrtle Alley,9108245.0,Brekke-Steuber,3405-425,1
Althea,De Gogay,2,adegogay2y@nytimes.com,(743) 4077306,14/04/2022,7 Swallow Drive,5240721.0,Kassulke and Sons,F45,1
Jandy,Kleint,1,jkleint2z@wisc.edu,(767) 7712172,11/12/2021,7 Jenifer Way,6194684.0,Muller and Sons,,1
Joby,Flatt,2,jflatt30@barnesandnoble.com,(923) 4402853,02/03/2022,8 Weeping Birch Lane,3619385.11,Zulauf-Cummings,,2
Ranee,Skoate,1,rskoate31@tripadvisor.com,(961) 4691683,02/02/2022,91357 Barnett Road,3021377.34,Cummings and Sons,633343,1
Fayina,D'orsay,2,fdorsay32@themeforest.net,(915) 6454620,29/08/2022,4 Gina Junction,3391397.96,Orn Inc,999-6732,1
Jacinda,Peacham,2,jpeacham33@vistaprint.com,(357) 2729944,08/04/2022,9147 Boyd Trail,8232865.26,"Rempel, Kuphal and O'Co",,1
Gilbert,Dumpleton,1,gdumpleton34@nba.com,(545) 7628712,30/01/2022,5682 Sycamore Center,2015537.91,Tremblay LLC,,1
Suzann,Feasley,2,sfeasley35@ucoz.ru,(577) 7677022,06/07/2022,1265 Redwing Place,8153038.0,Kuhic-Konopelski,988-0413,1
Martina,Dellenbrook,1,mdellenbrook36@usatoday.com,(635) 6581720,14/09/2022,67 Clarendon Park,9851268.0,Nikolaus LLC,J9E,2
Elonore,Newbegin,1,enewbegin37@mozilla.org,(440) 6307483,02/02/2022,749 Vermont Lane,9491869.0,Gaylord Inc,3313,1
Teddie,Delf,2,tdelf38@examiner.com,(840) 5167107,07/11/2021,22482 Havey Crossing,5689346.0,Raynor-Mante,10702,1
Oby,Shubotham,2,oshubotham39@nationalgeographic.,(813) 2689461,28/10/2022,676 Sycamore Street,9493474.0,"Daugherty, Schuster and",33543,2
Katie,Dungate,1,kdungate3a@php.net,(837) 1081690,15/08/2022,66883 Lukken Point,8265568.0,"Hamill, Rau and Cartwri",2437,2
Danya,Deeson,2,ddeeson3b@jigsy.com,(845) 5023585,06/05/2022,33387 Superior Avenue,1419226.41,"Schowalter, Denesik and",,2
Catherin,Michurin,2,cmichurin3c@goo.gl,(272) 2501908,18/10/2022,6 Esch Trail,5059251.88,"Torp, Kunze and Champli",5100-724,2
Amelina,Cussins,2,acussins3d@pbs.org,(995) 9981573,11/10/2022,32 Lakewood Gardens Way,9416798.0,"Pfannerstill, Schuster ",,2
Rakel,Polak,2,rpolak3e@simplemachines.org,(450) 3366536,10/11/2021,52359 1st Alley,3652460.0,Adams-Gutkowski,926-0867,2
Dame,Ludlem,1,dludlem3f@weibo.com,(963) 4067973,17/08/2022,3 Westend Park,896394.42,"Huel, Casper and Hodkie",,1
Annalee,Legion,1,alegion3g@cargocollective.com,(254) 5618622,16/11/2021,1 Clemons Point,9317849.0,Waters-Leffler,34260,1
Erika,Tingcomb,2,etingcomb3h@addthis.com,(278) 3195929,23/06/2022,5167 Hansons Plaza,3574510.69,"Ondricka, Homenick and ",83-262,1
Augustine,Meatcher,1,ameatcher3i@marriott.com,(454) 4977018,11/04/2022,78 Kinsman Lane,9237174.0,Rohan and Sons,1060,2
Eugene,Hars,2,ehars3j@sogou.com,(471) 9029398,23/04/2022,3431 Corry Point,633404.05,O'Kon LLC,4025,1
Audry,Dalgliesh,1,adalgliesh3k@nationalgeographic.,(716) 1086075,03/12/2021,11 Welch Lane,7140469.51,Crooks-Swift,,1
Dorisa,Tayloe,2,dtayloe3l@joomla.org,(253) 5023511,30/05/2022,88618 Nancy Hill,2975046.98,Turner and Sons,15540,1
Alistair,Beeby,1,abeeby3m@noaa.gov,(772) 3758821,08/08/2022,65741 Dayton Avenue,9904332.0,Parisian-Mann,MD-5040,2
Dido,Bellocht,1,dbellocht3n@taobao.com,(718) 2276979,21/09/2022,1 Warner Road,3869165.43,Flatley-Feeney,,1
Nathanael,Fidoe,2,nfidoe3o@smh.com.au,(716) 4797541,04/04/2022,51 Ruskin Trail,3849197.45,"Lynch, Harris and Hanse",,2
Trev,Ambrosoli,2,tambrosoli3p@artisteer.com,(764) 6159334,03/02/2022,5 Sunfield Terrace,2200004.83,"Casper, Blanda and Reic",,1
Zane,Birkbeck,1,zbirkbeck3q@comsenz.com,(428) 8342582,07/11/2021,523 Farmco Drive,2082896.14,"Moen, Cassin and Simoni",33800-000,1
Averil,Lionel,2,alionel3r@unicef.org,(384) 2203218,19/11/2021,16 Forest Circle,4077806.0,Hartmann Group,39600-000,2
Lee,Thwaites,2,lthwaites3s@cisco.com,(995) 8266535,16/03/2022,6396 Crownhardt Way,3106723.74,Schuppe-Heaney,6543,2
Rabbi,Folonin,1,rfolonin3t@amazonaws.com,(699) 8481467,26/12/2021,91464 Ludington Trail,8178737.13,Crooks Group,,1
Maegan,Stanier,1,mstanier3u@mail.ru,(294) 6906140,03/03/2022,152 Rutledge Avenue,814756.38,VonRueden and Sons,,1
Selma,Matyasik,1,smatyasik3v@bbb.org,(936) 1041650,07/03/2022,0 Blackbird Circle,2381649.27,"Boehm, Hahn and Borer",,1
Todd,Barehead,1,tbarehead3w@theguardian.com,(982) 8733883,17/06/2022,436 Union Point,6521609.0,Walter-Cronin,612 80,1
Benson,Chamberlain,2,bchamberlain3x@loc.gov,(162) 3869510,01/02/2022,786 Farwell Street,2575523.58,Kozey LLC,,2
Felicia,Rowatt,2,frowatt3y@squidoo.com,(800) 4496567,19/08/2022,193 Bluejay Lane,8394197.0,Kihn and Sons,88980,1
Ganny,Milthorpe,1,gmilthorpe3z@geocities.jp,(346) 1641665,16/02/2022,45664 Bowman Drive,9108646.0,"Blanda, Quitzon and Haa",9232,2
Tess,Tweed,1,ttweed40@diigo.com,(310) 4321478,14/04/2022,0 Judy Trail,9137256.0,"Strosin, Wisoky and Swa",,2
Hort,Hardwidge,1,hhardwidge41@indiatimes.com,(518) 9930479,09/09/2022,820 Marquette Trail,9327437.0,Stamm Group,,1
Sabina,Giercke,1,sgiercke42@uol.com.br,(687) 1544923,28/06/2022,39 Hintze Terrace,3402985.63,Jaskolski-Swift,,2
Lancelot,Lauret,2,llauret43@sciencedaily.com,(769) 6933405,12/06/2022,06429 Blackbird Road,9009036.0,"Hermiston, Durgan and H",,1
Nonah,Hinrichsen,2,nhinrichsen44@si.edu,(924) 1743233,10/10/2022,692 Redwing Circle,753808.97,"Medhurst, Wilkinson and",,1
Denyse,Vasilik,1,dvasilik45@hostgator.com,(369) 9594696,17/07/2022,65616 Katie Point,1819720.71,"Cummings, Davis and Dec",,1
Tibold,Tailby,2,ttailby46@squarespace.com,(306) 5013039,22/04/2022,5 Eliot Hill,7661185.0,Bailey-Kreiger,,1
Rivalee,Powdrell,1,rpowdrell47@shinystat.com,(703) 4025573,09/08/2022,40 Miller Court,3482090.74,"Rutherford, McKenzie an",10208,1
Verla,Rentoul,2,vrentoul48@ihg.com,(626) 1609865,30/07/2022,809 La Follette Way,1438786.82,Raynor Inc,393025,1
Derwin,Danit,1,ddanit49@house.gov,(292) 5763181,09/09/2022,26932 Dwight Point,8166804.0,Koelpin Group,,1
Ole,Cudiff,1,ocudiff4a@e-recht24.de,(398) 9119750,26/05/2022,8 Prairie Rose Court,6915655.63,Feest LLC,,2
Lyndy,Ivanuschka,2,livanuschka4b@i2i.jp,(901) 2896359,07/07/2022,923 Maryland Center,3884097.79,Schuppe-Flatley,51-376,2
Gorden,Everit,2,geverit4c@nbcnews.com,(165) 2114543,25/09/2022,325 Sullivan Lane,6996376.0,"Balistreri, Schulist an",,1
Baxy,O'Keevan,1,bokeevan4d@china.com.cn,(253) 6467817,20/06/2022,362 Pond Hill,4759979.42,Stark-Goyette,25024 CEDEX,2
Missy,Wolvey,1,mwolvey4e@ebay.co.uk,(630) 3132168,06/04/2022,30494 Sachs Crossing,3134295.82,"Harvey, Kuhlman and Lue",,2
Sholom,Renol,1,srenol4f@hatena.ne.jp,(656) 5830188,10/09/2022,1926 Jana Terrace,5052100.61,Watsica-Bahringer,7330,1
Hube,Hugonin,2,hhugonin4g@vimeo.com,(822) 8476194,25/07/2022,71 Summer Ridge Way,3251292.74,"Lesch, Legros and O'Kee",21140,1
Grant,Fawke,1,gfawke4h@miibeian.gov.cn,(493) 2005312,13/07/2022,8 Spohn Road,9813317.0,"Mohr, Heller and Larson",4503,2
Bette-ann,Lambkin,1,blambkin4i@usgs.gov,(594) 7760713,28/07/2022,021 Continental Court,9292135.0,Rosenbaum LLC,,2
Cherey,Abazi,2,cabazi4j@shutterfly.com,(738) 1159073,14/11/2021,1784 Grover Way,5160742.36,Wyman and Sons,,2
Merilyn,Letson,1,mletson4k@cornell.edu,(130) 4971819,13/12/2021,2994 International Pass,9142496.0,Raynor Group,,1
Sapphira,Parnaby,2,sparnaby4l@twitpic.com,(961) 7964568,23/06/2022,62 Porter Terrace,4558292.0,Kulas-Mayert,,2
Cathy,Duguid,2,cduguid4m@linkedin.com,(588) 3269478,25/06/2022,105 Stuart Place,7150881.22,"Goldner, Walter and Mra",6172,2
Booth,Endicott,2,bendicott4n@technorati.com,(773) 4696883,10/02/2022,444 Bluejay Crossing,8220215.71,Gutkowski and Sons,,1
Vinita,Menear,2,vmenear4o@usatoday.com,(410) 1657942,17/05/2022,9409 Lunder Circle,1396832.03,Spencer and Sons,,2
Carolyn,Soot,1,csoot4p@t.co,(905) 7201423,03/12/2021,20866 Blackbird Circle,4379974.54,Watsica-Spencer,,1
Evelyn,Snalum,1,esnalum4q@mapquest.com,(214) 2961619,18/11/2021,68 Spohn Court,9646561.0,Kutch-O'Reilly,75260,1
Anitra,Pardon,2,apardon4r@unblog.fr,(683) 3726417,01/12/2021,41224 Scott Crossing,8200379.0,"O'Reilly, Bins and Donn",,2
Norbie,Burtwell,2,nburtwell4s@foxnews.com,(374) 5453216,03/10/2022,1 Golden Leaf Circle,9310656.0,Koelpin-Treutel,,2
Lincoln,Dyne,2,ldyne4t@uiuc.edu,(748) 8974175,29/10/2022,544 Blue Bill Park Park,8200860.0,Christiansen-Gerlach,,2
Bunny,Fennick,1,bfennick4u@cbslocal.com,(884) 5682907,26/09/2022,08 Steensland Terrace,6531699.0,"Cole, Hayes and Schumm",8114,1
Abby,Vsanelli,1,avsanelli4v@mashable.com,(254) 6785641,03/12/2021,4825 Washington Junctio,2206637.0,Hermann Group,,2
Mahmoud,Rouch,2,mrouch4w@360.cn,(238) 6617651,04/08/2022,2 Scoville Point,2545846.43,Deckow-Will,,2
Brade,Immins,2,bimmins4x@hugedomains.com,(584) 3009869,02/03/2022,6 Southridge Hill,2025313.64,"White, Corkery and Kub",,2
Royal,Dunwoody,1,rdunwoody4y@canalblog.com,(871) 3078331,01/07/2022,8899 Corry Hill,9675691.0,"Beatty, Marks and Swani",88592,2
Monika,McConway,2,mmcconway4z@nps.gov,(433) 5324552,22/01/2022,03797 Clemons Trail,9907502.0,"Lesch, Homenick and Jon",249028,1
Lulu,Botting,1,lbotting50@apple.com,(486) 4251844,18/11/2021,9 Vernon Junction,4432901.0,Collins Inc,,1
Katti,Catherine,2,kcatherine51@fc2.com,(214) 3195718,22/10/2022,68 Jenifer Center,2434207.8,Morissette-Hills,73130,2
Jacqueline,Perford,1,jperford52@aboutads.info,(788) 6118959,24/03/2022,1 Sachtjen Way,4155756.41,"Hessel, Rutherford and ",13400-000,2
Lilia,Binning,2,lbinning53@purevolume.com,(583) 7057014,03/08/2022,81 Hoepker Road,3267713.01,Hamill Inc,,1
Yank,Clutten,1,yclutten54@xing.com,(314) 9764250,01/01/2022,265 Little Fleur Road,446474.51,Mraz Group,63143,2
Glyn,Hollingshead,1,ghollingshead55@free.fr,(343) 1064430,03/11/2021,6201 Emmet Point,3716104.0,"Hoppe, Ruecker and Doug",,2
Carlen,Martusov,1,cmartusov56@google.com.br,(186) 9824349,15/11/2021,40 Messerschmidt Hill,6614576.31,Kertzmann Group,413028,2
Courtenay,Gosnell,2,cgosnell57@google.com,(653) 8357310,15/02/2022,11045 Farwell Road,5414434.0,Abshire-Halvorson,3228,1
Ros,Hallgath,1,rhallgath58@sun.com,(742) 2089795,10/06/2022,661 Hazelcrest Parkway,9075686.0,Huel LLC,,1
Ashly,Winscom,2,awinscom59@about.me,(615) 4051854,12/12/2021,756 Browning Junction,6672812.0,"Koelpin, Bahringer and ",1105,2
Chrisy,Gillie,2,cgillie5a@miitbeian.gov.cn,(937) 6730460,22/11/2021,28006 Carpenter Alley,1109210.03,Block-Koepp,45440,1
Laurette,Florio,1,lflorio5b@clickbank.net,(821) 1257641,09/01/2022,3 Mockingbird Drive,5217809.92,Beahan-Hauck,,2
Veronike,Boner,2,vboner5c@simplemachines.org,(817) 1608535,16/08/2022,719 Crownhardt Avenue,9607937.0,Bartell-Wiegand,2432,2
Chryste,Clemintoni,2,cclemintoni5d@constantcontact.co,(176) 4187002,17/12/2021,0504 Pearson Avenue,3415378.69,Wilkinson Inc,366309,1
Daveta,Stolberger,2,dstolberger5e@bbc.co.uk,(191) 4387551,01/04/2022,9 Carberry Avenue,108116.94,Murphy Group,,1
Joey,McGirl,1,jmcgirl5f@odnoklassniki.ru,(119) 9722709,23/05/2022,92 Dakota Plaza,5876372.0,Turner-Cole,,2
Abbey,Beat,2,abeat5g@feedburner.com,(368) 7134555,21/08/2022,12 Dawn Pass,8692814.0,"Kovacek, Stokes and Tre",9211,2
Bobinette,Galia,2,bgalia5h@bing.com,(795) 2096920,20/02/2022,628 Schiller Center,8565568.0,Feeney LLC,,1
Pierson,Ioannou,2,pioannou5i@360.cn,(651) 1659848,08/01/2022,431 Rieder Circle,3594861.65,"Beahan, Schinner and He",,1
Rogers,Gofton,1,rgofton5j@mail.ru,(475) 6501707,31/03/2022,6638 Stephen Alley,7147281.0,Brakus-Marvin,171076,1
Sandye,Forrestall,1,sforrestall5k@vistaprint.com,(184) 9704326,26/08/2022,125 Village Green Court,7979317.0,Dicki LLC,34545 CEDEX,1
Tonya,Corton,2,tcorton5l@theglobeandmail.com,(406) 4732785,22/06/2022,37 Corscot Street,4979843.88,Ferry-Green,3040-723,2
Collin,Marsy,1,cmarsy5m@sourceforge.net,(150) 4437306,29/04/2022,7609 Lillian Terrace,2429178.95,Schneider-Bashirian,,1
Emera,Drains,1,edrains5n@google.co.jp,(469) 7255583,04/10/2022,234 Mariners Cove Junct,8234488.0,"Schneider, Baumbach and",75216,1
Rik,Ilyas,2,rilyas5o@yellowpages.com,(324) 4774246,11/02/2022,60045 Hazelcrest Park,6356511.44,Hodkiewicz-Schiller,1811,2
Clem,Arrandale,1,carrandale5p@posterous.com,(482) 2652275,17/02/2022,23 Cottonwood Crossing,8768717.0,Lubowitz-Cormier,,2
Rog,Zarfat,2,rzarfat5q@cyberchimps.com,(952) 4830562,25/05/2022,47 Hauk Road,2525286.25,"Bogan, Barrows and Howe",4503,1
Maddie,Schafer,2,mschafer5r@quantcast.com,(334) 7635941,15/01/2022,93358 Springview Center,7642516.0,Simonis-Collier,6242,2
Evelyn,Geddis,2,egeddis5s@drupal.org,(920) 1577418,16/08/2022,72907 Hanson Place,2249699.0,"McLaughlin, Russel and ",,2
Jessamine,De la croix,2,jdelacroix5t@eepurl.com,(733) 9566738,30/07/2022,55303 Schmedeman Juncti,2183227.19,Metz-Beatty,,2
Wallie,Bendtsen,2,wbendtsen5u@bloglines.com,(483) 1612543,09/04/2022,7 Michigan Terrace,8969562.0,Harvey-Towne,3504,1
Shanan,Louthe,1,slouthe5v@cafepress.com,(288) 6214002,27/06/2022,64869 Loomis Trail,8606278.0,Funk-Purdy,44143,2
Jory,Mattiazzo,2,jmattiazzo5w@youtu.be,(315) 8921176,18/06/2022,6 5th Junction,3506446.0,Lueilwitz Group,,2
Broderick,Eborall,2,beborall5x@ucoz.ru,(437) 1954603,21/03/2022,141 Dunning Pass,8604108.0,"Krajcik, Will and Jenki",9716,1
Rahel,Couchman,2,rcouchman5y@de.vu,(642) 6752566,24/09/2022,9 Steensland Hill,7278865.21,Runolfsson Group,5590,2
Claiborne,Attenburrow,1,cattenburrow5z@usda.gov,(343) 7873744,18/03/2022,4100 Walton Hill,4928955.29,Effertz Inc,,2
Ram,Palek,1,rpalek60@tmall.com,(901) 8000230,12/11/2021,171 Thackeray Park,4533403.88,Mayert LLC,,2
Justino,Gundrey,2,jgundrey61@hao123.com,(351) 1774746,18/04/2022,2 Sutherland Road,5591062.0,Emmerich-Kessler,,1
Susana,Clilverd,2,sclilverd62@cafepress.com,(521) 9222023,22/04/2022,4043 Moulton Trail,5342663.69,"Hammes, McClure and Har",06-521,1
Wainwright,Doud,1,wdoud63@youtu.be,(414) 2394752,08/04/2022,1 Lakewood Gardens Cros,1371446.19,Gutkowski-Hegmann,,2
Ulberto,Gorsse,2,ugorsse64@kickstarter.com,(109) 4718672,02/11/2021,508 Moose Circle,2875394.0,Wiza-Beahan,,2
Caron,Sillitoe,1,csillitoe65@dedecms.com,(124) 8996348,26/04/2022,6 Evergreen Circle,7725597.32,Rogahn and Sons,1768,2
Dita,MacEnelly,1,dmacenelly66@admin.ch,(127) 2228940,17/12/2021,5 American Ash Trail,3537382.76,"Hintz, Langworth and Mo",30210,1
Hermy,Aldwinckle,2,haldwinckle67@prweb.com,(141) 9947242,11/08/2022,2 Ryan Junction,6475012.81,Lockman-Abshire,69680-000,1
Dareen,Piller,2,dpiller68@pen.io,(906) 5751396,26/02/2022,412 Corscot Terrace,5376063.0,Cole-Auer,289-1211,1
Esme,Wayon,2,ewayon69@smugmug.com,(376) 8602954,21/11/2021,9343 Eagan Park,419141.27,Bahringer Group,692089,2
Erinna,Napoleone,1,enapoleone6a@tuttocitta.it,(544) 5452852,28/08/2022,405 Thackeray Street,3217513.57,"Schamberger, Grimes and",,2
Beverly,Glew,1,bglew6b@wisc.edu,(525) 8660597,01/09/2022,40 West Drive,1632613.33,Gerhold Group,,1
Anselma,Franklen,1,afranklen6c@cam.ac.uk,(112) 6766746,20/03/2022,02 Southridge Point,3814077.0,"Kuvalis, Flatley and Kl",97755-000,1
Madeline,Faithorn,1,mfaithorn6d@un.org,(259) 5549141,30/03/2022,16029 Morningstar Cross,5671314.0,Mosciski LLC,,2
Xenia,Klossmann,1,xklossmann6e@linkedin.com,(377) 5674279,27/02/2022,13088 Melody Street,7512574.0,Green-Lemke,4800-260,2
Stephie,Osipenko,1,sosipenko6f@about.com,(395) 4909975,03/11/2021,43463 Macpherson Trail,6399061.0,"Schultz, Bailey and Mar",,2
Anatola,Unwins,1,aunwins6g@geocities.jp,(257) 9600772,04/06/2022,06 Surrey Street,5209606.09,Lueilwitz-Sipes,,2
Sascha,Markovich,1,smarkovich6h@quantcast.com,(354) 9077435,04/11/2021,775 Vermont Hill,4424419.76,Harber-Haag,,1
Tomasine,Erat,2,terat6i@ow.ly,(853) 9398998,08/09/2022,3 Old Shore Court,9773499.0,Fahey-Frami,10505,2
Shirlene,Flatt,1,sflatt6j@businessweek.com,(212) 2593157,12/01/2022,036 John Wall Alley,4407798.24,"Grady, Dooley and Gutma",,2
Zia,Pigden,1,zpigden6k@yellowbook.com,(102) 9719027,13/11/2021,62 Oxford Park,1597996.65,Torp-Moen,,1
Spence,Jeafferson,1,sjeafferson6l@state.tx.us,(986) 2960061,25/03/2022,502 Homewood Drive,9923015.0,Boehm-Mayert,4830-073,1
Janelle,Ruoff,1,jruoff6m@forbes.com,(994) 4291298,01/06/2022,77 Kingsford Park,1126127.13,Stark-Howell,,1
Onfroi,Retchless,1,oretchless6n@nbcnews.com,(159) 4552742,18/01/2022,025 Fordem Lane,8546099.0,"Collins, Zulauf and Zie",,1
Jeanelle,Rignoldes,2,jrignoldes6o@bbc.co.uk,(137) 5834038,23/03/2022,2 International Point,5614494.16,Gutkowski-Herman,,2
Thorvald,Brunt,1,tbrunt6p@infoseek.co.jp,(461) 2230619,01/02/2022,12 Meadow Ridge Drive,192289.73,"Hane, Heaney and Kemmer",999-3145,1
Lesli,Harnetty,1,lharnetty6q@washington.edu,(111) 6789066,15/06/2022,72 Arkansas Alley,3734476.86,Blick LLC,10141,1
Rosita,Whitticks,2,rwhitticks6r@google.co.jp,(893) 3669531,30/05/2022,779 Hanover Road,2994785.27,"Von, Pouros and Kuhn",H9G,2
Jacquelin,Ledford,2,jledford6s@histats.com,(154) 2630807,29/12/2021,248 Village Green Trail,3349146.0,Jacobi LLC,,2
Lesli,Thow,2,lthow6t@answers.com,(615) 4813734,30/01/2022,79 Melody Parkway,4338405.0,"Keeling, Greenfelder an",37245,2
Laurella,Luckes,1,lluckes6u@w3.org,(234) 4303243,12/06/2022,54 Caliangt Avenue,3902711.38,Runolfsdottir Group,64-810,2
Orbadiah,Carroll,2,ocarroll6v@trellian.com,(943) 3448266,30/07/2022,178 Heath Point,5541383.9,Kilback-Price,,2
Ronny,Jamblin,1,rjamblin6w@ibm.com,(632) 5356188,03/09/2022,2 Arrowood Alley,6952815.07,Heaney Group,,2
Cherish,Mose,2,cmose6x@myspace.com,(265) 2329607,28/02/2022,76 Little Fleur Drive,424400.23,Streich-Watsica,J1J,1
Madelina,Shasnan,1,mshasnan6y@craigslist.org,(243) 3641280,03/11/2021,36732 Forster Lane,589944.08,Graham Inc,,2
Dolph,Kubasiewicz,2,dkubasiewicz6z@cam.ac.uk,(207) 9739659,10/06/2022,590 Sunbrook Junction,9674836.0,"Schiller, Halvorson and",,1
Sean,Western,1,swestern70@eventbrite.com,(348) 7753329,18/12/2021,720 Prairieview Circle,973515.0,Luettgen-Frami,59800,2
Hillary,Simister,1,hsimister71@msn.com,(640) 2806465,31/03/2022,1720 Larry Pass,6638273.57,Harvey Group,,1
Isadore,McLucky,2,imclucky72@networkadvertising.or,(210) 4269372,03/11/2021,1063 Hoffman Center,1536819.2,Murray-Johns,29285-000,2
Burr,Rizzi,1,brizzi73@multiply.com,(198) 7893332,18/07/2022,435 Oak Road,7518752.0,"Grant, Ledner and Berge",197720,2
Lea,Lamburn,2,llamburn74@posterous.com,(243) 4786065,15/11/2021,7589 Harper Street,3807710.0,Nolan Group,4550,1
Kain,Poetz,2,kpoetz75@adobe.com,(632) 6527943,22/11/2021,0294 Northport Hill,5872160.83,Nienow Inc,38280-000,1
Rouvin,Frapwell,1,rfrapwell76@umich.edu,(535) 6986392,06/07/2022,49 Dakota Place,953969.74,Runolfsson-Koelpin,,2
Crysta,Hansed,1,chansed77@github.io,(317) 8716731,31/08/2022,6 Caliangt Park,5179110.56,Franecki LLC,8042,2
Davidson,Willoway,1,dwilloway78@techcrunch.com,(682) 9057554,18/05/2022,071 Evergreen Place,9909928.0,"Hermann, Reynolds and H",,1
Patience,Fancett,1,pfancett79@opera.com,(956) 5914728,11/12/2021,962 Northland Trail,7675562.12,Hayes and Sons,,1
Ruby,Quakley,1,rquakley7a@google.ru,(785) 9020266,09/09/2022,9774 Rigney Place,1433834.41,"Fay, Waters and Koelpin",694440,2
Tyne,Matuszewski,1,tmatuszewski7b@chronoengine.com,(843) 3584546,20/10/2022,06 Reindahl Hill,4191203.08,"Lebsack, Nader and Vand",,2
Nate,Schober,1,nschober7c@sourceforge.net,(641) 3157303,26/05/2022,4576 Haas Court,7152832.43,Zieme and Sons,,1
Danila,Girtin,2,dgirtin7d@wikipedia.org,(163) 3872566,02/01/2022,856 Express Court,5367293.11,Ritchie and Sons,,2
Bartlet,Lydon,1,blydon7e@samsung.com,(158) 1701795,12/01/2022,404 Orin Alley,5411562.0,"Bogisich, Harvey and Pf",47811,1
Daryl,Pointer,1,dpointer7f@t-online.de,(999) 8305745,30/01/2022,5933 Brown Road,9671889.0,Wilkinson-Hickle,17400-000,1
Velma,Fero,1,vfero7g@prweb.com,(260) 3337163,26/07/2022,0 Florence Road,3820432.0,"Hyatt, Hessel and Tremb",428902,1
Jeffry,Bensusan,2,jbensusan7h@nih.gov,(553) 4274453,03/12/2021,01754 Straubel Road,3134784.29,"Schmeler, Friesen and G",,2
Isabelle,Ruger,1,iruger7i@stanford.edu,(636) 8193944,10/01/2022,36 Eliot Circle,1811952.3,Heller Inc,263 01,2
Fremont,Gouda,2,fgouda7j@illinois.edu,(194) 7399269,17/04/2022,50 Lawn Terrace,9857503.0,Wilderman and Sons,261 91,2
Karon,Victor,2,kvictor7k@psu.edu,(446) 6871483,03/04/2022,6979 Oakridge Hill,4711039.0,Gorczany-Hermiston,,2
Sydelle,Burriss,1,sburriss7l@msu.edu,(782) 9369192,05/12/2021,19 8th Place,5874410.0,Schneider-Smith,,2
Yalonda,Dugan,2,ydugan7m@wufoo.com,(985) 3954823,13/10/2022,03988 Merry Parkway,9578156.0,Gutmann-Parker,2330-524,2
Reade,Anstie,2,ranstie7n@seattletimes.com,(315) 4390416,06/07/2022,37 Sunnyside Street,3861846.95,Lind LLC,,2
Christophorus,Tollerton,1,ctollerton7o@hc360.com,(655) 8891928,08/11/2021,74444 Grayhawk Place,4188331.11,Lindgren-Langworth,,2
Greta,Tidswell,2,gtidswell7p@huffingtonpost.com,(268) 8305424,05/03/2022,754 Dawn Court,3537439.87,Pfeffer and Sons,,1
Rafaela,Wills,2,rwills7q@tripod.com,(712) 5355569,13/08/2022,43 Oak Place,1669981.85,Rippin Inc,,2
Jordain,Dik,2,jdik7r@tinyurl.com,(155) 3282568,11/03/2022,70 Rowland Hill,8575352.0,Hane-Rodriguez,,2
Tremaine,Armitage,1,tarmitage7s@abc.net.au,(248) 4875841,14/07/2022,7961 Morrow Drive,8473425.0,Morissette-Reichert,92224 CEDEX,2
Barbaraanne,Jozaitis,1,bjozaitis7t@squarespace.com,(892) 8541371,03/05/2022,5887 Bonner Drive,5068765.09,"Casper, Hilpert and Str",9930-025,2
Alene,Alexandrescu,1,aalexandrescu7u@fastcompany.com,(158) 8398423,19/10/2022,2554 Springview Circle,4074823.0,Nader and Sons,29913,2
Daffi,Zappel,2,dzappel7v@taobao.com,(340) 6883807,08/10/2022,336 Steensland Junction,3004730.0,"McGlynn, Conroy and Har",,1
Geralda,Copnell,1,gcopnell7w@amazon.co.uk,(575) 2114286,08/03/2022,93 Waxwing Drive,1958547.15,Nikolaus-Lakin,414 71,1
Ambros,Locarno,2,alocarno7x@tinypic.com,(253) 3380571,10/10/2022,48044 Linden Court,8456061.0,"Streich, Borer and Ruth",352265,2
Carina,Truggian,2,ctruggian7y@accuweather.com,(361) 2611801,12/01/2022,77 Northport Crossing,6437042.85,McDermott and Sons,,1
Liliane,Lockitt,2,llockitt7z@goo.ne.jp,(187) 8473707,26/06/2022,2 Veith Avenue,5206727.0,Torphy-Prosacco,2380-638,1
Merissa,Lumb,2,mlumb80@economist.com,(528) 1713740,20/01/2022,9 Bellgrove Junction,1838925.78,Pollich-Wolff,98999,2
Nani,Feilden,2,nfeilden81@wufoo.com,(625) 7730842,02/08/2022,148 Mcguire Plaza,4994118.0,Schulist-Howell,4132,2
Jerrold,Kenealy,2,jkenealy82@ibm.com,(513) 2405867,20/10/2022,0 Russell Circle,4957381.13,"Sauer, Kohler and Stied",9900-016,1
Lebbie,Gibbens,2,lgibbens83@usgs.gov,(330) 9396412,21/02/2022,179 Sunbrook Trail,3104483.0,"Lowe, Schroeder and Fee",L-8165,2
Prissie,Stollenwerck,1,pstollenwerck84@microsoft.com,(747) 3730573,01/01/2022,3343 Carioca Crossing,54709.46,Beer LLC,3001,2
Donnamarie,Beedle,2,dbeedle85@discovery.com,(374) 6289714,14/03/2022,55649 Grasskamp Pass,5773908.0,Wilkinson-Lowe,2276,1
Lynnelle,Whibley,1,lwhibley86@jimdo.com,(151) 3551053,01/06/2022,404 Tomscot Lane,8533699.0,"Medhurst, Homenick and ",330 23,2
Rosalie,Guthrum,1,rguthrum87@meetup.com,(804) 8958172,23/05/2022,8 Waxwing Crossing,7885473.99,Buckridge Group,MD-7702,2
Pattin,Colbran,1,pcolbran88@ning.com,(925) 6710364,03/11/2021,00008 Springs Crossing,4000668.75,Jenkins Inc,,1
Devlen,Sullly,2,dsullly89@pagesperso-orange.fr,(590) 2177719,05/06/2022,87185 Vernon Hill,7628543.75,"Kutch, Heaney and Braun",,1
Marty,McRory,2,mmcrory8a@google.ru,(622) 9061914,14/04/2022,80887 Ridgeview Trail,2958314.05,Willms-Fahey,,1
Nil,Brahms,1,nbrahms8b@nps.gov,(224) 8704267,04/03/2022,26 Bay Pass,3008292.28,Bergnaum and Sons,,2
Becki,Blune,1,bblune8c@globo.com,(900) 2705592,03/12/2021,0 Continental Point,1292361.57,Barrows-Hayes,,2
Tomaso,Wrightim,2,twrightim8d@disqus.com,(574) 9236161,26/02/2022,8578 Sunfield Road,8383656.0,Bergnaum Inc,,2
Carlie,Pawels,2,cpawels8e@dropbox.com,(145) 5969601,19/10/2022,7620 Clyde Gallagher Al,529070.84,Borer Inc,,1
Bondon,Noraway,2,bnoraway8f@fastcompany.com,(133) 5306424,08/07/2022,4658 Rockefeller Avenue,578870.0,"Welch, Block and Bode",4990-565,2
Dorene,Heggison,2,dheggison8g@live.com,(411) 1211409,16/10/2022,0 Sage Junction,3441649.0,"Quitzon, Corkery and Ra",19003,2
Dolores,Beswick,1,dbeswick8h@home.pl,(360) 7642104,18/11/2021,6 Waubesa Crossing,2083170.41,Russel Inc,98516,1
Lorry,Gresswood,2,lgresswood8i@sciencedirect.com,(109) 1451088,01/08/2022,8 Division Point,5119617.85,Harris LLC,,1
Renaud,Riediger,1,rriediger8j@cdbaby.com,(883) 4103028,16/01/2022,7 Iowa Alley,2039610.45,"Kihn, Daniel and Harber",,1
Dita,Pigden,1,dpigden8k@msn.com,(543) 6087069,13/11/2021,434 Heffernan Junction,189315.08,Boyle LLC,42-284,1
Farrand,Santhouse,1,fsanthouse8l@nymag.com,(818) 2836282,01/06/2022,35142 Holmberg Parkway,705235.47,"Wilkinson, Mueller and ",28940-000,2
Karlie,Batrick,2,kbatrick8m@fotki.com,(906) 8923111,25/05/2022,74439 Moulton Trail,2368035.0,"Hudson, Schinner and Be",,1
Les,Menlow,1,lmenlow8n@newsvine.com,(583) 6662120,09/05/2022,1 Lyons Drive,4942945.0,Gusikowski-Buckridge,47-280,2
Bernadine,Coners,1,bconers8o@wikipedia.org,(611) 9872527,26/03/2022,407 Pankratz Court,2109491.28,"Hermann, Lakin and Durg",2729,1
Nolana,Martinyuk,1,nmartinyuk8p@globo.com,(203) 3364562,27/07/2022,5 Becker Crossing,8047513.78,"O'Kon, Witting and Kuhn",,2
Kylen,Rudinger,2,krudinger8q@canalblog.com,(721) 2414088,20/04/2022,72828 Acker Alley,8922123.0,Hand LLC,,2
Miof mela,Brackpool,1,mbrackpool8r@alibaba.com,(532) 9403459,16/08/2022,36977 Mayfield Street,8535035.0,"Hackett, Schimmel and N",,2
Darb,Ucchino,2,ducchino8s@redcross.org,(269) 6194569,29/11/2021,57 Bluestem Junction,7747527.0,Torp LLC,,1
Milzie,Tinghill,1,mtinghill8t@friendfeed.com,(532) 7943194,16/09/2022,732 Scofield Road,3874432.99,"Hackett, O'Conner and R",4760-490,2
Matelda,Korous,1,mkorous8u@reference.com,(521) 1148699,12/10/2022,93 Ohio Terrace,7218949.0,Trantow LLC,,1
Eloisa,de Mendoza,1,edemendoza8v@foxnews.com,(745) 1520433,29/01/2022,111 Morrow Circle,6376341.51,Hilpert LLC,,1
Fairlie,Inworth,1,finworth8w@github.com,(273) 6674430,07/02/2022,85 Straubel Hill,6905440.04,"Rau, Parker and Schuppe",59550-000,2
Jasmina,Kyston,2,jkyston8x@twitpic.com,(521) 2494865,21/01/2022,9762 Bluestem Parkway,5956570.32,Little-VonRueden,47304,2
Eudora,Vasilchenko,1,evasilchenko8y@eepurl.com,(614) 2354495,26/12/2021,68278 Lake View Street,608149.41,"Watsica, Bradtke and Ke",,1
Calli,Moxham,2,cmoxham8z@go.com,(632) 1449168,25/12/2021,9 Luster Hill,9500049.0,"Hamill, Fay and Hoppe",4715-529,2
Jasmin,Verrier,1,jverrier90@fc2.com,(632) 6220030,17/07/2022,806 Grim Park,6941456.63,Schuppe-Price,64290-000,1
Miranda,Filppetti,2,mfilppetti91@mayoclinic.com,(808) 7293624,10/07/2022,72 Columbus Point,6033038.0,Mertz Inc,,1
Saxon,Rickersey,1,srickersey92@comsenz.com,(688) 9754600,16/10/2022,52954 Russell Pass,1765137.42,Thiel Inc,,1
Thea,Eddolls,2,teddolls93@trellian.com,(981) 7728454,24/02/2022,413 Longview Crossing,8460593.0,Emmerich-Lowe,,2
Grenville,Gilliatt,1,ggilliatt94@naver.com,(558) 6380525,12/08/2022,1889 Gulseth Court,6283697.2,Ziemann-Raynor,194089,1
Terza,Climson,1,tclimson95@joomla.org,(503) 8060770,29/06/2022,4 Pleasure Place,2353463.42,Lubowitz-Upton,2803,2
Puff,Escofier,1,pescofier96@pinterest.com,(370) 4880986,11/06/2022,8 Lien Lane,7718562.35,"Hilpert, Goodwin and St",,2
Rodolphe,Barszczewski,2,rbarszczewski97@reverbnation.com,(303) 9788489,04/07/2022,6551 Harbort Junction,5524010.0,"Frami, Feil and Heller",80045,2
Joella,Fermor,2,jfermor98@wikispaces.com,(809) 1512742,09/09/2022,4319 Continental Crossi,4335872.05,Terry Group,,1
Lettie,Salmoni,2,lsalmoni99@thetimes.co.uk,(776) 9048162,03/12/2021,4303 Pond Road,9062727.0,Osinski Inc,,1
Rafferty,de Quesne,1,rdequesne9a@scientificamerican.c,(797) 2902902,18/07/2022,389 Northridge Alley,2613420.68,Schultz and Sons,,2
Quinn,Emmins,2,qemmins9b@telegraph.co.uk,(650) 9018572,24/03/2022,41 Talisman Place,3218003.79,Rosenbaum LLC,94042,1
Antone,Foyle,1,afoyle9c@buzzfeed.com,(315) 6135008,24/12/2021,1 Cordelia Trail,184857.89,Franecki Inc,,1
Bradly,Wychard,1,bwychard9d@forbes.com,(232) 6045238,19/07/2022,9 Stone Corner Way,685139.71,"Kessler, Wehner and Kas",752 61,1
Nicolais,Helks,1,nhelks9e@vkontakte.ru,(239) 6973005,13/07/2022,40400 Sherman Way,2509878.91,Cole-Cormier,,1
Judy,Sheaber,2,jsheaber9f@prnewswire.com,(562) 9641276,03/02/2022,87 Barnett Street,3574487.47,Leffler-Murray,21209 CEDEX,2
Shelbi,Wrightam,2,swrightam9g@dell.com,(705) 2107019,27/12/2021,484 Lake View Trail,2816608.63,"Willms, Dooley and Roga",,2
Sheba,Connett,1,sconnett9h@storify.com,(558) 2348277,18/06/2022,328 Ilene Place,9536341.0,Murphy Inc,,2
Lissa,Rotge,2,lrotge9i@freewebs.com,(923) 3270018,10/06/2022,74176 Knutson Terrace,1102502.49,"Leffler, Kuhlman and Fa",,1
Marje,Pentony,1,mpentony9j@gmpg.org,(693) 3115120,14/06/2022,2819 Lakewood Pass,2497423.0,"Goodwin, Collier and Ok",65800-000,2
Filmore,Golsworthy,2,fgolsworthy9k@homestead.com,(346) 7351946,15/09/2022,2567 Sundown Lane,1441821.11,Kuhic-Stamm,,1
Alexandro,Swindles,2,aswindles9l@vinaora.com,(364) 6363320,04/03/2022,165 Novick Point,671448.04,Runolfsson-Flatley,,1
Erin,Thicking,1,ethicking9m@spiegel.de,(585) 1128982,07/09/2022,676 Anthes Pass,737125.52,Fisher-Blanda,,2
Aubrey,Taill,1,ataill9n@ebay.co.uk,(680) 2379260,04/08/2022,784 5th Junction,2013581.0,Howe and Sons,,2
Rhianon,Spencock,2,rspencock9o@opensource.org,(837) 8612822,08/06/2022,5440 Dunning Lane,2772230.39,Rogahn and Sons,8314,2
Mada,Coskerry,2,mcoskerry9p@skype.com,(978) 9932502,26/01/2022,4599 Pleasure Lane,662936.32,Cormier-Senger,,1
Noland,Gilffillan,1,ngilffillan9q@yahoo.co.jp,(385) 6549164,27/12/2021,92524 Messerschmidt Tra,3473982.38,"Howell, Gulgowski and K",,2
Ellsworth,Stolte,2,estolte9r@twitter.com,(301) 7157104,09/06/2022,6614 Cottonwood Point,2255590.67,Kunde Inc,,2
Rubin,Zellick,1,rzellick9s@phoca.cz,(681) 9545139,29/12/2021,8 Village Green Point,9747228.0,Cummerata-Reichel,,2
Hatti,Golthorpp,2,hgolthorpp9t@is.gd,(267) 1790082,21/10/2022,62601 Dwight Park,6798488.0,Dach and Sons,,1
Elyn,Bouchier,1,ebouchier9u@berkeley.edu,(954) 2226968,05/10/2022,8 Loeprich Circle,4986849.0,Rosenbaum-Kemmer,3430-393,1
Claretta,Bosche,2,cbosche9v@reddit.com,(899) 9666793,21/04/2022,2 Heffernan Park,8262134.77,"Becker, O'Keefe and Rat",,2
Angus,Ohrtmann,1,aohrtmann9w@ebay.com,(336) 2711763,06/08/2022,11661 Roxbury Avenue,1895754.0,Harber LLC,751 22,1
Leigh,Rosenbaum,1,lrosenbaum9x@oaic.gov.au,(356) 6009697,02/02/2022,3 Pearson Trail,5499679.0,Mitchell LLC,,2
Vivienne,Camblin,1,vcamblin9y@adobe.com,(674) 9181274,07/09/2022,79554 Sage Street,4630560.0,"Wehner, Prosacco and Le",,1
Ardath,Willshere,1,awillshere9z@samsung.com,(326) 6378347,25/06/2022,80787 Vidon Hill,8062705.0,Gorczany LLC,294 21,2
Alene,Shepherdson,2,ashepherdsona0@netvibes.com,(557) 3860857,18/03/2022,63 Petterle Terrace,9607112.0,Tremblay-Wolff,,1
Laina,Chatwood,2,lchatwooda1@is.gd,(422) 3951458,20/04/2022,9798 Bluejay Point,5267179.34,"Watsica, Krajcik and Pa",,2
Ekaterina,Gimbrett,1,egimbretta2@cargocollective.com,(737) 9089471,31/03/2022,2847 Old Shore Circle,7253674.99,Turner-Welch,,1
Kristal,Findlay,1,kfindlaya3@hp.com,(828) 5896606,28/06/2022,27998 Monica Street,1957386.0,Fahey LLC,,2
Cordelia,Chapier,2,cchapiera4@taobao.com,(580) 2367632,17/11/2021,62 Washington Center,8002065.0,Jacobson and Sons,,2
Lowe,Ajean,2,lajeana5@comcast.net,(780) 7450730,04/04/2022,701 Onsgard Court,6092835.0,"Bauch, Hills and Swift",6215,1
Isidore,Jardine,1,ijardinea6@salon.com,(692) 2249463,14/12/2021,23 Fair Oaks Plaza,7417805.41,Huel LLC,58-111,2
Yule,Peter,2,ypetera7@accuweather.com,(765) 9800521,01/02/2022,71597 Arizona Terrace,54947.89,Rath-Shields,37487,1
Thorpe,Faunt,2,tfaunta8@admin.ch,(453) 3144326,28/03/2022,27 Loomis Point,8713405.0,Kuhlman and Sons,65268-000,2
Vilma,Keeting,1,vkeetinga9@ted.com,(910) 2545269,17/05/2022,5 Vahlen Way,3782333.4,"Kuhlman, Brakus and Aue",44-196,2
Amalle,Menear,2,amenearaa@state.gov,(665) 4559854,16/11/2021,9 Luster Point,2991909.28,"Larson, Schaefer and Sm",84240,2
Fairfax,Arnke,2,farnkeab@over-blog.com,(918) 5163157,29/01/2022,89541 Elgar Way,9093082.0,West-Armstrong,9000,1
Adan,Warstall,1,awarstallac@ebay.com,(577) 8067166,25/04/2022,0768 Magdeline Pass,5184852.67,Dietrich-Dickinson,,1
Clevie,McCaskill,2,cmccaskillad@biblegateway.com,(302) 6011384,25/05/2022,6 Nobel Alley,5570212.0,"Mante, Kuvalis and Berg",,1
Torrance,Burdytt,2,tburdyttae@soundcloud.com,(536) 9345806,17/04/2022,40 Coolidge Drive,8609046.0,Rohan Inc,1216,2
Link,Buswell,2,lbuswellaf@soundcloud.com,(166) 1384885,12/04/2022,895 Darwin Circle,9977634.0,"Stiedemann, Koss and Tr",,1
Grannie,Girardez,1,ggirardezag@furl.net,(784) 1431422,31/01/2022,75787 Havey Court,9473220.0,Deckow-Bergnaum,,1
Crystie,Hartley,1,chartleyah@rediff.com,(181) 8298948,16/08/2022,793 Warner Junction,3734369.12,Friesen Group,,1
Laverne,Gillingham,2,lgillinghamai@pen.io,(431) 4047904,19/04/2022,661 Independence Juncti,2191629.0,Dickens LLC,,2
Francene,Besnard,1,fbesnardaj@japanpost.jp,(380) 9343054,31/10/2021,315 Shopko Place,5936280.18,"Ward, Torphy and Monaha",,2
Minnnie,McBean,1,mmcbeanak@imdb.com,(561) 2845687,30/03/2022,70172 Nobel Road,5559709.0,Gulgowski Inc,39970-000,1
Tootsie,McCorkindale,2,tmccorkindaleal@ovh.net,(683) 8824775,02/06/2022,50946 Gina Center,3718542.2,"Hegmann, Prohaska and H",,2
Lesya,Ewdale,1,lewdaleam@businessinsider.com,(218) 3616719,02/07/2022,28 Carioca Hill,4395031.77,Padberg-Schuppe,06550-000,1
Zenia,Scrymgeour,2,zscrymgeouran@hexun.com,(124) 8563781,08/12/2021,17 Golden Leaf Way,1851499.56,Blanda LLC,3025-511,2
Cully,Ragge,2,craggeao@freewebs.com,(471) 2272415,04/01/2022,04 Thierer Place,8128996.41,Nader and Sons,,1
Frayda,Wither,2,fwitherap@privacy.gov.au,(898) 2662886,11/10/2022,443 Fair Oaks Center,3726467.0,Jones Inc,2835-795,2
Yolanda,Melley,2,ymelleyaq@booking.com,(805) 2155791,21/02/2022,1 Carioca Place,1246073.22,Turcotte-Koss,789-0250,1
Burlie,Creffeild,2,bcreffeildar@fema.gov,(658) 2814666,02/05/2022,20 Autumn Leaf Crossing,5268867.0,Trantow LLC,21083 CEDEX 9,2
Nikoletta,Ebbage,2,nebbageas@phpbb.com,(807) 3925290,22/03/2022,03 Memorial Trail,2764361.15,O'Hara-Konopelski,,2
Pepito,Scotter,1,pscotterat@yelp.com,(768) 1259347,16/11/2021,677 Eagan Point,9111136.0,"Kunze, Berge and McClur",63210,2
Clemente,Shepley,1,cshepleyau@admin.ch,(673) 9231288,05/11/2021,586 Moose Lane,5369587.62,Runte-Jacobi,38-340,2
Laura,Conechie,1,lconechieav@com.com,(291) 7580324,16/12/2021,7 Scott Road,6755256.0,Zboncak-Herman,2433,1
Viola,Fishpool,1,vfishpoolaw@baidu.com,(283) 5090254,04/06/2022,08 Hauk Terrace,1114563.0,Bartell LLC,403 17,1
Abbe,Crosskell,2,acrosskellax@seattletimes.com,(931) 5158382,21/10/2022,736 Mendota Way,4713524.0,"Braun, Wolf and Jakubow",,1
Cally,Pratten,1,cprattenay@usnews.com,(189) 3737326,23/10/2022,8396 Scofield Circle,1329166.33,"Corwin, Jerde and Alten",,2
Jeremiah,Buttress,1,jbuttressaz@bizjournals.com,(992) 9542899,04/06/2022,1 Longview Drive,9462754.0,"Daugherty, O'Conner and",5204,2
Rheba,Breach,1,rbreachb0@latimes.com,(627) 1899956,27/01/2022,0 Pierstorff Center,9990233.0,Wehner and Sons,5630,1
Stephie,Scawen,2,sscawenb1@gov.uk,(360) 5980664,04/01/2022,6 Bayside Circle,1969173.65,Block-Nolan,412091,2
Dun,Condy,2,dcondyb2@bizjournals.com,(204) 4788167,26/01/2022,22 Namekagon Place,9123013.0,"Weissnat, Reinger and Z",D17,2
Alleyn,Tossell,1,atossellb3@purevolume.com,(564) 2732513,04/07/2022,8 Clemons Lane,3200987.0,Harber and Sons,676620,2
Phoebe,Guillon,1,pguillonb4@whitehouse.gov,(397) 1772969,20/07/2022,74895 Novick Pass,7353728.0,Mayert-Hand,,1
Heather,Curedell,2,hcuredellb5@ucla.edu,(413) 7063582,08/09/2022,5 Warrior Way,8685017.0,"Vandervort, Lemke and V",J1K,2
Jacinta,Baalham,2,jbaalhamb6@quantcast.com,(887) 3883101,15/10/2022,64 Fairview Lane,5626518.08,"Kris, Hagenes and Barto",,2
Sibyl,Ardern,1,sardernb7@ca.gov,(738) 5577728,26/07/2022,0 Buhler Place,3134953.0,Gutmann and Sons,855058,1
Brigitte,Barwood,2,bbarwoodb8@jigsy.com,(586) 7887805,08/02/2022,777 Memorial Way,7045350.65,"Pagac, Effertz and Corm",,1
Terrijo,Bamfield,2,tbamfieldb9@reference.com,(155) 4836389,17/09/2022,112 Northport Court,1993588.09,"Schimmel, Zemlak and Ab",,2
Keene,Megainey,2,kmegaineyba@slashdot.org,(867) 7636700,14/08/2022,9279 Summer Ridge Cross,6634703.0,Wunsch LLC,,2
Jacintha,Medgewick,2,jmedgewickbb@furl.net,(298) 2749791,12/06/2022,00 Hintze Point,168622.58,Spencer and Sons,14097 CEDEX 9,1
Lotty,Labbez,1,llabbezbc@wp.com,(737) 5613948,09/07/2022,36532 Waubesa Place,7910266.04,"Baumbach, Towne and Hue",666679,1
Susy,Seagar,2,sseagarbd@dmoz.org,(479) 9291877,18/12/2021,629 Haas Court,3223824.58,Shields-Leannon,,2
Ezri,Matussevich,1,ematussevichbe@flickr.com,(459) 1749785,21/04/2022,811 Maryland Place,254507.33,Crona Inc,84180,2
Felike,Yu,2,fyubf@github.io,(890) 8193842,16/05/2022,95122 Continental Pass,5531436.42,Volkman LLC,,2
Devonna,Lawling,2,dlawlingbg@tripod.com,(299) 5839165,29/12/2021,6 Riverside Center,1641009.74,Hickle-Mraz,16201,2
Giorgio,Janos,1,gjanosbh@guardian.co.uk,(920) 7250256,08/06/2022,7 Lien Park,8715153.0,"Kunze, Batz and Roob",682509,2
Base,Ghidelli,1,bghidellibi@taobao.com,(185) 3235103,12/12/2021,00 Russell Center,1179826.35,Bashirian-Corwin,4620-931,1
Manfred,Fettes,1,mfettesbj@meetup.com,(768) 1905339,29/03/2022,82 Crescent Oaks Plaza,9680054.0,Grady LLC,,1
Eben,Jacquet,2,ejacquetbk@is.gd,(750) 6952895,30/11/2021,21323 Namekagon Alley,6882276.69,Pfannerstill Inc,50201,1
Goldie,Feehan,2,gfeehanbl@goodreads.com,(897) 3333685,18/12/2021,75 Trailsway Junction,9087299.0,"Aufderhar, Pouros and B",,2
Arron,Kidd,2,akiddbm@pbs.org,(316) 2137014,12/01/2022,50 Oakridge Alley,6216135.87,Weissnat-Feeney,,1
Noelle,Tille,1,ntillebn@nyu.edu,(958) 7496462,20/05/2022,98 Prairieview Point,8068738.38,"Bogan, Kuhlman and Frit",8403,2
Flore,Loker,1,flokerbo@deliciousdays.com,(669) 7484578,07/03/2022,662 Roxbury Center,9065692.0,"Christiansen, Ebert and",,1
Daphna,MacIver,2,dmaciverbp@tiny.cc,(892) 9137029,25/04/2022,74 Evergreen Drive,1053654.07,"MacGyver, Harber and Ha",4515,1
Lorry,Daughtry,2,ldaughtrybq@4shared.com,(172) 8624211,04/04/2022,94226 Vernon Park,4145267.0,Predovic Inc,,2
Pascal,Biles,2,pbilesbr@edublogs.org,(276) 7222427,08/03/2022,70 Rigney Road,8926556.0,"King, Herzog and Kilbac",155553,2
Ogden,Wanden,1,owandenbs@hc360.com,(988) 7257617,29/10/2022,5 Macpherson Street,1587135.11,"Kiehn, Hegmann and Huel",,2
Xavier,MacNamara,1,xmacnamarabt@mac.com,(150) 9211073,02/10/2022,6255 Banding Avenue,4632642.0,Kuhic and Sons,8134,2
Charlena,Darrigrand,2,cdarrigrandbu@list-manage.com,(737) 2765864,15/11/2021,92 Lakeland Point,5838373.04,"Hegmann, Bradtke and O'",647 81,1
Tymon,Ecob,1,tecobbv@ehow.com,(281) 3515262,21/12/2021,495 Doe Crossing Pass,7299143.49,Stokes-Lynch,,1
Elliott,Phripp,2,ephrippbw@tinyurl.com,(930) 7050207,05/04/2022,03142 Hoffman Park,6053992.0,Casper-Cruickshank,423110,2
Hunt,Conkay,1,hconkaybx@nytimes.com,(691) 6352198,26/04/2022,96626 Sage Park,3181347.0,"Roob, Johnson and Towne",,2
Kassie,Sherebrook,1,ksherebrookby@people.com.cn,(565) 2524174,10/01/2022,02380 Dunning Way,1077071.13,Rice Group,8029,2
Shannen,Bachshell,1,sbachshellbz@github.com,(873) 8343800,26/11/2021,9206 Rusk Place,7241293.16,Bogan-Jacobson,46300-000,2
Eugenie,Norree,2,enorreec0@samsung.com,(895) 8735044,06/01/2022,67217 Namekagon Avenue,3230434.38,Kozey Inc,42130,2
Sarena,Doul,2,sdoulc1@etsy.com,(825) 8173655,24/12/2021,0539 Onsgard Terrace,7194951.0,"Dietrich, Miller and Ke",83953 CEDEX,2
Korie,Maes,1,kmaesc2@zdnet.com,(258) 1264724,20/03/2022,13829 Westerfield Way,7043240.15,"Jones, Spencer and Frie",,1
Nester,Girauld,1,ngirauldc3@dailymotion.com,(623) 3609614,12/09/2022,55835 Bunting Trail,4625443.0,Daugherty-Little,03620,2
Audy,Hearnden,1,ahearndenc4@tripadvisor.com,(637) 4232540,13/06/2022,47 Judy Avenue,5163925.0,"Kling, Carroll and Jast",47-330,2
Linet,Hearst,1,lhearstc5@tamu.edu,(456) 9530624,25/01/2022,0519 Burning Wood Drive,8318201.08,Walker-Reichert,8160,1
Anson,Rabson,2,arabsonc6@ucsd.edu,(970) 9575366,22/12/2021,03775 Shopko Junction,8023164.0,Ward-Kunze,6313,2
Maurizia,Semarke,1,msemarkec7@yolasite.com,(854) 5438919,07/11/2021,8 Sage Plaza,1158410.75,"Wolff, Bernier and Bloc",1291,2
Rand,Fedoronko,2,rfedoronkoc8@yahoo.com,(347) 2246953,15/05/2022,4 Forest Lane,1458391.21,Schulist and Sons,41220,2
Lamont,Hamlin,1,lhamlinc9@about.com,(379) 5503151,25/08/2022,31740 Fisk Crossing,2752898.61,Kshlerin and Sons,456555,2
Talbot,Carty,2,tcartyca@geocities.jp,(398) 7902424,27/07/2022,6 Muir Center,7610273.0,Simonis-Borer,8040,2
Brana,Donisthorpe,2,bdonisthorpecb@cmu.edu,(798) 2588288,19/08/2022,0573 School Pass,6758441.43,Watsica Group,,1
Herbie,Hazeley,2,hhazeleycc@google.co.jp,(818) 9774494,24/11/2021,22 Welch Alley,6392981.0,Gerlach-Steuber,,1
Kamila,Enticknap,2,kenticknapcd@globo.com,(158) 6917472,22/02/2022,9 Mallard Lane,6344706.03,"Hilll, Sipes and Blick",5879,1
Luce,Bitcheno,1,lbitchenoce@discovery.com,(655) 3547415,04/06/2022,3791 Paget Alley,8040931.76,"Mills, VonRueden and Yu",2930,2
Josi,Clibbery,1,jclibberycf@omniture.com,(400) 7499675,14/01/2022,68 Trailsway Plaza,358780.99,"Botsford, Prohaska and ",,1
Devon,Pinilla,1,dpinillacg@webnode.com,(176) 9282722,05/03/2022,9 Vermont Avenue,2690769.7,Hyatt Inc,,2
Giulietta,Dayton,2,gdaytonch@ucla.edu,(663) 3208576,25/02/2022,3 East Trail,4620741.26,"Volkman, Roberts and Ro",57910-000,1
Jasen,Dales,1,jdalesci@wufoo.com,(826) 7378485,03/07/2022,94 Bartillon Street,6519281.96,Jaskolski and Sons,,1
Chaim,Shawyers,2,cshawyerscj@angelfire.com,(357) 1689609,28/02/2022,1878 Onsgard Place,4386995.0,"Hartmann, Runte and Rus",06500,2
Luce,Lonergan,1,llonerganck@skype.com,(219) 4252688,16/05/2022,26 Anniversary Park,4932946.56,Torphy-Terry,,2
Selie,Madine,1,smadinecl@51.la,(737) 4894054,12/07/2022,462 Esch Drive,4300544.96,"Williamson, Thiel and K",,2
Lisbeth,Screech,2,lscreechcm@t-online.de,(972) 3229407,11/07/2022,3924 Briar Crest Park,1054.59,"Lemke, Little and Stoke",35129,2
Gayla,Reedyhough,2,greedyhoughcn@biblegateway.com,(530) 9380935,05/12/2021,606 Moulton Center,8243059.0,"Prosacco, Cole and Gerh",4770-354,2
Davidde,Binham,1,dbinhamco@vkontakte.ru,(210) 7016616,20/10/2022,3 Pine View Crossing,3702305.35,Baumbach Inc,,2
Alvira,Grimstead,1,agrimsteadcp@list-manage.com,(956) 5217199,09/07/2022,037 Moland Street,2013118.52,Lesch-Considine,79004 CEDEX,1
Ilario,MacDearmont,2,imacdearmontcq@cafepress.com,(384) 1989626,09/10/2022,539 Almo Pass,305200.92,Schuster LLC,,2
Hill,Clayton,1,hclaytoncr@yandex.ru,(174) 3292271,06/06/2022,1 Basil Place,4810508.05,Beatty-Barrows,28-530,1
Ivy,Tooker,2,itookercs@ucoz.com,(520) 5616455,25/04/2022,84448 Huxley Trail,1606483.84,"Wilderman, Wunsch and U",85715,1
Shawnee,Irnis,2,sirnisct@arizona.edu,(889) 1785481,22/05/2022,944 Logan Crossing,1192579.0,"Hessel, Lang and Larson",10250,1
Truman,Pickford,2,tpickfordcu@springer.com,(932) 8362479,23/08/2022,5883 Chinook Parkway,4941429.69,Stanton Group,72-210,2
Loydie,Bortolutti,1,lbortolutticv@webmd.com,(589) 4100704,28/03/2022,5487 Drewry Center,2646574.0,"Schaefer, Muller and Mu",3246,2
Arri,Woollacott,1,awoollacottcw@japanpost.jp,(655) 3219302,11/04/2022,5098 Moland Avenue,4808128.0,Spencer-Hammes,,2
Reinhard,Osipenko,1,rosipenkocx@github.com,(755) 1966433,17/08/2022,8 Kedzie Terrace,5222081.46,Weber Group,3220,2
Lambert,Klousner,2,lklousnercy@marriott.com,(481) 5921676,28/07/2022,580 Harbort Road,3240584.0,Walter-Leuschke,,1
Julieta,Braidwood,1,jbraidwoodcz@chron.com,(353) 4941164,05/10/2022,50958 Waxwing Plaza,9806719.0,Upton LLC,4640-540,2
Cissy,Vanyashkin,2,cvanyashkind0@about.com,(422) 1912546,18/05/2022,007 Starling Junction,3207491.0,Howell Group,,1
Anallese,Cadany,2,acadanyd1@virginia.edu,(487) 6092201,09/02/2022,412 Oakridge Center,882278.33,Romaguera LLC,89401,2
Mora,Reddick,1,mreddickd2@engadget.com,(384) 9810083,12/12/2021,08 Forest Run Road,5770211.0,Aufderhar and Sons,,1
Granville,Scriver,1,gscriverd3@accuweather.com,(446) 6281196,22/08/2022,64 Trailsway Lane,2650480.21,Treutel-Skiles,5401,2
Garret,Brandham,1,gbrandhamd4@ox.ac.uk,(936) 7758694,30/09/2022,93 West Alley,4312651.0,"Waelchi, Rohan and Gold",671 53,2
Petronille,Le-Good,1,plegoodd5@businessinsider.com,(178) 3690816,01/03/2022,3 Drewry Crossing,7152972.0,"Lehner, Cummerata and M",382 21,2
Hirsch,Apps,2,happsd6@yahoo.com,(644) 5935900,19/10/2022,3150 Vidon Crossing,9294796.0,"Thompson, Smith and Wit",3105-222,2
Coralyn,Aulton,1,caultond7@spiegel.de,(739) 4987221,11/07/2022,51 Porter Terrace,7542694.0,Schmeler and Sons,,1
Benedicto,Fawckner,2,bfawcknerd8@twitpic.com,(510) 4130811,15/05/2022,14613 Buena Vista Trail,9410592.0,"Parisian, Considine and",,2
Graig,Shawell,1,gshawelld9@boston.com,(826) 6495750,20/09/2022,9 Killdeer Hill,1768517.82,"Bins, Trantow and Hyatt",,1
Chucho,Swaisland,1,cswaislandda@abc.net.au,(932) 5367373,01/06/2022,65 Northfield Road,5672259.92,"Shanahan, Kemmer and Be",,1
Linn,Pistol,1,lpistoldb@wufoo.com,(362) 1867855,03/01/2022,80 Moland Parkway,3738196.12,"Tremblay, Fahey and Bar",,1
Gardie,Bewlie,1,gbewliedc@shareasale.com,(612) 8039930,22/07/2022,95 Nobel Trail,3375123.0,Schimmel Inc,,1
Mallory,Ollin,2,mollindd@dagondesign.com,(702) 5920139,30/04/2022,95 Gerald Drive,8950166.0,Trantow LLC,11102,2
Hugh,Ettles,2,hettlesde@devhub.com,(730) 6723238,12/10/2022,8890 Maryland Crossing,8715537.0,Barrows-Hayes,,1
Arnaldo,Reschke,1,areschkedf@arizona.edu,(847) 1336879,18/09/2022,025 Holy Cross Terrace,1092805.99,"Bogisich, Ritchie and W",,1
Jeri,Kenyon,2,jkenyondg@360.cn,(110) 9088086,17/01/2022,4 Paget Road,4245155.92,Fisher-Mitchell,8501,2
Georgie,Trudgion,1,gtrudgiondh@state.tx.us,(345) 2987929,03/05/2022,160 Lotheville Parkway,2154099.93,Herzog Inc,,1
Buffy,Lusted,2,blusteddi@sciencedirect.com,(438) 8731868,06/06/2022,6 Clemons Center,38896.0,Stokes-Collier,10500,2
Ches,Pallis,1,cpallisdj@zdnet.com,(999) 3737879,18/05/2022,42 Debs Lane,4939451.0,"Green, Legros and Mayer",812019,1
Clementine,Gierke,1,cgierkedk@europa.eu,(413) 7584177,30/09/2022,20011 Summit Terrace,2316913.0,"Dach, Kub and Bashirian",,2
Kalina,Simco,2,ksimcodl@mapquest.com,(474) 8427864,09/12/2021,37110 Talmadge Lane,3837124.0,"Bruen, Leannon and Wolf",G6B,2
Margarita,Alvarado,2,malvaradodm@1und1.de,(166) 5674599,23/11/2021,3 Grayhawk Drive,8401871.0,Upton-White,055457,1
Finlay,Pridmore,1,fpridmoredn@angelfire.com,(825) 9791142,02/06/2022,691 Starling Place,6728190.74,Hoeger Group,,2
Corabella,Allbrook,1,callbrookdo@irs.gov,(410) 9044446,04/07/2022,0287 Forster Crossing,1233467.93,Prosacco Group,,2
Ravid,Wallace,1,rwallacedp@privacy.gov.au,(839) 5457138,22/03/2022,65 Union Junction,8447478.0,"Gorczany, Becker and Ad",137 24,2
Malory,Gecks,2,mgecksdq@hubpages.com,(574) 3397433,10/02/2022,05 Raven Parkway,306836.0,Anderson Group,,2
Giffy,Chalcraft,2,gchalcraftdr@google.com,(370) 5348593,30/10/2021,28294 Merry Parkway,8089115.82,"Smitham, Waelchi and Re",,1
Stefanie,O'Rudden,2,soruddends@statcounter.com,(852) 6503884,07/07/2022,87 Red Cloud Park,5988107.93,Bergstrom Group,,2
Brenda,Furney,2,bfurneydt@fema.gov,(421) 5989785,10/06/2022,9 Golf Course Point,5226151.0,"Marquardt, Nitzsche and",K78,2
Thomasin,Beasleigh,2,tbeasleighdu@yelp.com,(703) 6182317,08/03/2022,66831 Norway Maple Cent,2686367.91,Marks and Sons,,2
Bendite,Thraves,1,bthravesdv@opera.com,(479) 5422274,03/04/2022,9446 Daystar Junction,4329898.7,Dickinson Inc,,1
